[
    {
        "id": 1,
        "name":        "Josephine",
        "email":       "Josephine@love.in",
        "password":    "Josephine@pass17",
        "age":          22,
        "gender":      "female",
        "location":     10,
        "description": "Loking for some positive moments, adventures and fun",
        "images": [
            "aiony-haust-3TLl_97HNJo-unsplash.jpg",
            "aiony-haust-f2ar0ltTvaI-unsplash.jpg",
            "alexandru-zdrobau-BGz8vO3pK8k-unsplash.jpg",
            "almos-bechtold-3402kvtHhOo-unsplash.jpg"

        ],
        "hobbies": ["Cardistry", "Ceramics", "Chatting", "Cheesemaking"],
        "isSuperLike": false,
        "available": true
    },
    {
        "id": 2,
        "name":        "Lenna",
        "email":       "Lenna@love.in",
        "password":    "Lenna@pass17",
        "age":          25,
        "gender":      "female",
        "location":    11,
        "description": "Love my life, join me",
        "images": [
            
        ],
        "hobbies": ["Chess", "Cleaning", "DJing"],
        "isSuperLike": false,
        "available": false
    },
    {
        "id": 3,
        "name":        "Simona",
        "email":       "Simona@love.in",
        "password":    "Simona@pass17",
        "age":          21,
        "gender":      "female",
        "location":    1,
        "description": "Don't Buy Colgate whitening toothpaste. It Says gauranteed whiteness in 14 days. It's been 2 weeks and I'm still African.",
        "images": [
            "mohammad-metri-U1ytD7WJvy0-unsplash.jpg",
            "natasha-kasim-KsmXcL_dnzM-unsplash (1).jpg"
        ],
        "hobbies": [],
        "isSuperLike": true,
        "available": true
    },
    {
        "id": 4,
        "name":        "Minna",
        "email":       "Minna@love.in",
        "password":    "Minna@pass17",
        "age":          18,
        "gender":      "Gay",
        "location":    14,
        "description": "hey you're pretty cute but you know what would make your face look even better? if I sat on it",
        "images": [
            
        ],
        "hobbies": ["Car riding" ],
        "isSuperLike": false,
        "available": false
    },
    {
        "id": 5,
        "name":        "Kiley",
        "email":       "Kiley@love.in",
        "password":    "Kiley@pass17",
        "age":          31,
        "gender":      "female",
        "location":    2,
        "description": "Last Time I was someone's type I was donating blood",
        "images": [
            "natasha-kasim-KsmXcL_dnzM-unsplash.jpg",
            "oladimeji-odunsi-AHBvAIVqk64-unsplash.jpg",
            "peter-sjo-Nxy-6QwGMzA-unsplash (1).jpg"

        ],
        "hobbies": ["Hacking", "Hardware" ],
        "isSuperLike": true,
        "available": true
    },
    {
        "id": 6,
        "name":        "Gracia",
        "email":       "Gracia@love.in",
        "password":    "Gracia@pass17",
        "age":          24,
        "gender":      "female",
        "location":    1,
        "description": "Bossy, intense, electric. I don’t have an “off” switch. I’ll take charge of a situation without thinking twice, and I know how to put in the exact amount of work for desired results.",
        "images": [
            "houcine-ncib-B4TjXnI0Y2c-unsplash.jpg",
            "ionut-comanici-RDcEWH5hSDE-unsplash.jpg"
        ],
        "hobbies": ["Electrochemistry", "Geography"],
        "isSuperLike": false,
        "available": false
    },
    {
        "id": 7,
        "name":        "Vernica",
        "email":       "Vernica@love.in",
        "password":    "Vernica@pass17",
        "age":          18,
        "gender":      "Lesbian",
        "location":    91,
        "description": "Perfectionistic, quirky, and everybody’s friend. Extroverted introvert with a diverse range of interests.",
        "images": [
            "aaLesbian.jpg", "aa_lesbain.jpg", "__lesbian.jpg"
        ],
        "hobbies": [],
        "isSuperLike": false,
        "available": true
    },
    {
        "id": 8,
        "name":        "Alisha",
        "email":       "Alisha@love.in",
        "password":    "Alisha@pass17",
        "age":          28,
        "gender":      "female",
        "location":    42,
        "description": "Let’s get a drink. Or go for a hike. Or go skydiving. Or all three?! I see possibilities everywhere, and will chase every last one of them.",
        "images": [
            "peter-sjo-Nxy-6QwGMzA-unsplash.jpg",
            "pexels-jaspereology-4026110.jpg",
            "rachel-mcdermott-0fN7Fxv1eWA-unsplash.jpg",
            "richard-jaimes-tDEpILVozEA-unsplash.jpg"
        ],
        "hobbies": ["History", "Mathematics"],
        "isSuperLike": false,
        "available": true
    },
    {
        "id": 9,
        "name":        "Ammie",
        "email":       "Ammie@love.in",
        "password":    "Ammie@pass17",
        "age":          23,
        "gender":      "female",
        "location":    14,
        "description": "Cuddly like a teddy bear. Warm like a ray of sunshine. Inspiring AF. Crazy confident and intense",
        "images": [
            
        ],
        "hobbies": ["Medical science", "Microbiology", "Philosoph"],
        "isSuperLike": true,
        "available": true
    },
    {
        "id": 10,
        "name":        "Anjali",
        "email":       "Anjali@love.in",
        "password":    "Anjali@pass17",
        "age":          19,
        "gender":      "Female",
        "location":    18,
        "description": "",
        "images": [
            "christopher-campbell-rDEOVtE7vOs-unsplash.jpg",
            "daniel-rigdon-dXmXKPP2L4E-unsplash.jpg",
            "edward-cisneros-_H6wpor9mjs-unsplash.jpg",
            "gabriel-silverio-K_b41GaWC5Y-unsplash.jpg",
            "gabriel-silverio-u3WmDyKGsrY-unsplash.jpg",
            "hatham-PY2lJbqsJzU-unsplash.jpg",
            "hisu-lee-u6LGX2VMOP4-unsplash.jpg"
        ],
        "hobbies": ["Hacking", "Hardware", "Herp keeping", "Bus riding", "Camping"],
        "isSuperLike": false,
        "available": true
    },
    {
        "id": 11,
        "name":        "Razia",
        "email":       "Razia@love.in",
        "password":    "Razia@pass17",
        "age":          30,
        "gender":      "Trans",
        "location":    35,
        "description": "",
        "images": [
            "aaa__Trans_(1).jpg", "aaa__Trans_(2).jpg", "aaa__Trans_(3).jpg"
        ],
        "hobbies": [],
        "isSuperLike": false,
        "available": true
    },
    {
        "id": 12,
        "name":        "Billo",
        "email":       "Billo@love.in",
        "password":    "Billo@pass17",
        "age":          29,
        "gender":      "",
        "location":    26,
        "description": " Probably the most sensitive romantic you’ll ever meet.",
        "images": [
            "matheus-ferrero-pg_WCHWSdT8-unsplash.jpg",
            "mathilda-khoo-vLR0YP_otCo-unsplash.jpg",
            "matthew-hamilton-tNCH0sKSZbA-unsplash.jpg",
            "michael-afonso-Z_bTArFy6ks-unsplash.jpg",
            "michael-dam-mEZ3PoFGs_k-unsplash.jpg"
        ],
        "hobbies": [],
        "isSuperLike": true,
        "available": false
    },
    {
        "id": 13,
        "name":        "Sheela",
        "email":       "Sheela@love.in",
        "password":    "Sheela@pass17",
        "age":          27,
        "gender":      "female",
        "location":    17,
        "description": "",
        "images": [
            "andrey-zvyagintsev-PdcNOb4iYFs-unsplash.jpg",
            "ayo-ogunseinde-6W4F62sN_yI-unsplash.jpg",
            "brooke-cagle-HRZUzoX1e6w-unsplash.jpg"
        ],
        "hobbies": [],
        "isSuperLike": false,
        "available": false
    },
    {
        "id": 14,
        "name":        "Sallu",
        "email":       "Sallu@love.in",
        "password":    "Sallu@pass17",
        "age":          22,
        "gender":      "male",
        "location":    1,
        "description": "I am most the Coolest, Cutest, Smartest Guy in IIT Mandi. I am a Hero Girls Die Infront of me. Girls Cut there Hands for me. I won Every ones hear in this world.",
        "images": [
            "amale (5).jpg", 
            "amale_(2).jpg", 
            "amale_(3).jpg", 
            "amale_(4).jpg", 
            "amale_1.jpg"
        ],
        "hobbies": ["Dating", "#trueLover", "blogging", "winningHearts", "fuckboi"],
        "isSuperLike": false,
        "available": true
    },
    {
        "id": 15,
        "name":        "Randi",
        "email":       "Randi@love.in",
        "password":    "Randi@pass17",
        "age":          32,
        "gender":      "female",
        "location":    12,
        "description": "The best mistake of your life or the best thing to ever happen to you? 😉 “Live for the moment” is my life motto.",
        "images": [
            "ivana-cajina-dnL6ZIpht2s-unsplash.jpg",
            "jimmy-fermin-bqe0J0b26RQ-unsplash.jpg",
            "kareya-saleh-tLKOj6cNwe0-unsplash.jpg",
            "luke-braswell-8BxRYuPkzkU-unsplash.jpg"
        ],
        "hobbies": ["Canoeing", "Canyoning", "Clothesmaking", "Coffee roasting", "Collecting"],
        "isSuperLike": true,
        "available": true
    }
]













            








